Holeid,depth,dip,azimuth,Wolfpass GM
synth_001,0.0,52.075185,172.646562,Colluvium
synth_002,0.0,48.493099,225.47002,Recent
synth_003,0.0,64.94365,216.239782,Recent
synth_004,0.0,76.923558,293.598184,Colluvium
synth_005,0.0,53.281276,165.27637,Colluvium
synth_006,0.0,66.375381,132.989445,Recent
synth_007,0.0,79.647714,97.620315,Recent
synth_008,0.0,68.119751,250.542394,Colluvium
synth_009,0.0,61.525144,256.661819,Colluvium
synth_010,0.0,79.28049,255.778429,Recent
