Holeid,depth,dip,azimuth,Wolfpass GM
phase_001,0,82.10486698,85.36788527,Recent
phase_002,0,55,270,Early Diorite
phase_003,0,50,80,Recent
phase_001,38.462,81.60486098,85.71404327,Recent
phase_002,50,54.5,270.2,Dacite
phase_001,76.923,81.10486798,86.06019227,Early Diorite
