Holeid,depth,dip,azimuth,Wolfpass GM
phase_001,0,82.10486698,85.36788527,Recent
phase_002,0,55,270,Early Diorite
phase_003,0,50,80,Recent
phase_001,38.462,81.60486098,85.71404327,Recent
phase_002,50,54.5,270.2,Dacite
phase_001,76.923,81.10486798,86.06019227,Early Diorite
phase_001,115.385,80.60486198,86.40635027,Early Diorite
phase_002,100,54,270.4,Recent
phase_001,153.846,80.10486898,86.75249927,Dacite
phase_001,192.308,79.60486298,87.09865727,Dacite
